question_id,subject,topic,difficulty,question,reference_answer,keywords
Q001,Deep Learning,Neural Networks,Easy,"What is a perceptron and what are its basic components?","A perceptron is the fundamental unit of an artificial neural network consisting of inputs, associated weights, a bias term, a summation function, and an activation function.","perceptron, inputs, weights, bias, summation, activation function"
Q002,Deep Learning,Neural Networks,Easy,"What is the difference between a single-layer perceptron and a multi-layer perceptron?","A single-layer perceptron can only learn linearly separable patterns, whereas a multi-layer perceptron contains one or more hidden layers that enable it to learn complex non-linear decision boundaries.","single-layer, multi-layer, hidden layers, linearly separable, non-linear"
Q003,Deep Learning,Neural Networks,Easy,"What is the role of the bias term in an artificial neuron?","The bias term shifts the activation function along the input axis independently of the inputs, allowing the model to fit patterns that do not pass through the origin.","bias, shift, activation function, origin, threshold"
Q004,Deep Learning,Neural Networks,Medium,"What is the Universal Approximation Theorem in the context of neural networks?","The theorem states that a feedforward network with a single hidden layer containing a finite number of non-linear neurons can approximate any continuous function on compact subsets of real space to arbitrary accuracy.","Universal Approximation Theorem, feedforward, hidden layer, continuous function, non-linear"
Q005,Deep Learning,Neural Networks,Medium,"What is the difference between batch size, iteration, and epoch during training?","An epoch is one complete pass through the entire training dataset. Batch size is the number of samples processed before updating weights. An iteration is a single gradient update using one batch.","epoch, batch size, iteration, dataset, parameter update"
Q006,Deep Learning,Neural Networks,Medium,"Why is weight initialization critical, and what happens if all weights are initialized to zero?","Initializing all weights to zero causes symmetric neuron activations in hidden layers, meaning all neurons compute identical gradients and update identically, preventing the network from learning distinct features.","weight initialization, symmetry, zero initialization, identical gradients, hidden layer"
Q007,Deep Learning,Neural Networks,Medium,"What is the difference between model parameters and hyperparameters in deep learning?","Parameters are internal variables learned directly from training data such as weights and biases. Hyperparameters are external configuration choices set prior to training, such as learning rate, batch size, and architecture.","parameters, hyperparameters, weights, biases, learning rate, training"
Q008,Deep Learning,Neural Networks,Hard,"How does Xavier initialization differ from He initialization?","Xavier initialization scales weights based on input and output connections assuming linear or Sigmoid/Tanh activations, while He initialization scales variance by two over fan-in specifically to preserve activation variance with ReLU functions.","Xavier initialization, He initialization, fan-in, variance, ReLU, Sigmoid"
Q009,Deep Learning,Neural Networks,Hard,"What is internal covariate shift and how does Batch Normalization mitigate it?","Internal covariate shift is the continuous change in the distribution of layer inputs as preceding layers update. Batch Normalization stabilizes training by normalizing layer activations to zero mean and unit variance across mini-batches.","internal covariate shift, distribution, batch normalization, zero mean, unit variance, mini-batch"
Q010,Deep Learning,Neural Networks,Hard,"What is the difference between L1 and L2 regularization in neural networks?","L1 regularization adds the absolute sum of weights to the loss, driving non-essential weights strictly to zero to encourage sparsity. L2 regularization adds squared weight magnitudes, smoothly penalizing large weights without forcing exact zeros.","L1 regularization, L2 regularization, sparsity, weight decay, absolute value, squared penalty"
Q011,Deep Learning,Activation Functions,Easy,"Why are non-linear activation functions necessary in deep neural networks?","Without non-linear activation functions, stacking multiple dense layers merely collapses into a single linear transformation regardless of depth, preventing the network from learning non-linear relationships.","non-linear, linear transformation, stacking layers, expressiveness, complexity"
Q012,Deep Learning,Activation Functions,Easy,"What is the mathematical formulation and output range of the Sigmoid activation function?","The Sigmoid function is defined as f(x) = 1 / (1 + exp(-x)), which maps any real-valued number into an output range between 0 and 1, making it well-suited for probability estimation.","Sigmoid, 1 / (1 + exp(-x)), range 0 to 1, probability"
Q013,Deep Learning,Activation Functions,Easy,"What is the formula and output range of the ReLU activation function?","ReLU is defined as f(x) = max(0, x), mapping negative inputs to 0 and positive inputs linearly to themselves, with an output range from 0 to infinity.","ReLU, max(0, x), range 0 to infinity, positive inputs"
Q014,Deep Learning,Activation Functions,Medium,"What is the Dying ReLU problem and why does it occur?","The Dying ReLU problem occurs when large negative gradients or bias updates push a neuron into a regime where it outputs zero for all inputs, resulting in a zero gradient that permanently halts learning for that neuron.","dying ReLU, zero gradient, inactive neuron, negative inputs, gradient flow"
Q015,Deep Learning,Activation Functions,Medium,"How does the Leaky ReLU activation function address the limitations of standard ReLU?","Leaky ReLU introduces a small non-zero slope (such as 0.01) for negative inputs, f(x) = max(alpha * x, x), ensuring gradients never become completely zero during backpropagation.","Leaky ReLU, slope, alpha, negative inputs, non-zero gradient"
Q016,Deep Learning,Activation Functions,Medium,"Why is the Tanh activation function generally preferred over Sigmoid in hidden layers?","Tanh is zero-centered with an output range from -1 to 1, preventing systematic directional bias in downstream gradient updates and leading to faster, more balanced convergence than Sigmoid.","Tanh, zero-centered, range -1 to 1, convergence, Sigmoid"
Q017,Deep Learning,Activation Functions,Medium,"When is Softmax preferred over Sigmoid as the output activation function?","Softmax is preferred for multi-class mutually exclusive classification because it normalizes unnormalized logits into a valid probability distribution where all class probabilities sum to 1.","Softmax, multi-class, probability distribution, sums to 1, logits, mutually exclusive"
Q018,Deep Learning,Activation Functions,Hard,"What is the GELU activation function and where is it commonly applied?","GELU weights inputs by their percentile in a standard Gaussian distribution, f(x) = x * Phi(x), providing a smooth non-linearity that avoids hard zeros, widely used in modern Transformer and BERT architectures.","GELU, Gaussian distribution, cumulative distribution, Transformer, smooth non-linearity"
Q019,Deep Learning,Activation Functions,Hard,"What is the Swish activation function and what properties make it effective in deep networks?","Swish is defined as f(x) = x * Sigmoid(beta * x). It is smooth, non-monotonic, and self-gated, allowing small negative values to flow through, which improves gradient propagation in very deep neural networks.","Swish, x * sigmoid, non-monotonic, smooth, self-gated, gradient propagation"
Q020,Deep Learning,Activation Functions,Hard,"How does the vanishing gradient problem relate mathematically to the derivative of the Sigmoid function?","The maximum derivative of the Sigmoid function is only 0.25 at x=0. When multiplying multiple derivatives less than 0.25 across layers via the chain rule, backpropagated gradients shrink exponentially towards early layers.","vanishing gradient, derivative, maximum 0.25, chain rule, exponential decay, saturation"
Q021,Deep Learning,Backpropagation,Easy,"What is the backpropagation algorithm in deep learning?","Backpropagation is an algorithm that computes the gradient of the loss function with respect to each network parameter using the calculus chain rule, enabling gradient-based optimization.","backpropagation, gradient, loss function, chain rule, optimization, weights"
Q022,Deep Learning,Backpropagation,Easy,"What role does the chain rule of calculus play in backpropagation?","The chain rule enables computation of the derivative of composite functions by multiplying local partial derivatives from the output loss backwards through hidden layers down to the initial weights.","chain rule, composite function, partial derivatives, backwards pass, loss"
Q023,Deep Learning,Backpropagation,Easy,"What is the difference between a loss function and an evaluation metric?","A loss function is a differentiable mathematical objective minimized directly by optimization algorithms during training, whereas an evaluation metric is a performance indicator (like accuracy) that need not be differentiable.","loss function, evaluation metric, differentiable, optimization, gradient descent"
Q024,Deep Learning,Backpropagation,Medium,"What is the difference between Stochastic Gradient Descent and Mini-batch Gradient Descent?","Stochastic Gradient Descent calculates gradients and updates parameters using one sample at a time with high variance, whereas Mini-batch Gradient Descent updates parameters over a small batch of samples for computational efficiency and smoother convergence.","SGD, mini-batch gradient descent, batch size, variance, computational efficiency"
Q025,Deep Learning,Backpropagation,Medium,"What causes exploding gradients during training and how can they be mitigated?","Exploding gradients occur when large derivative magnitudes cause gradients to grow exponentially through deep layers, causing unstable weight updates. They are mitigated using gradient clipping, proper weight initialization, and smaller learning rates.","exploding gradient, gradient clipping, instability, NaN weights, learning rate"
Q026,Deep Learning,Backpropagation,Medium,"How does the Momentum optimizer improve standard Gradient Descent?","Momentum incorporates an exponentially decaying moving average of past gradients into the current update step, which accelerates updates along consistent gradient directions and dampens oscillations across ravines.","momentum, moving average, velocity, oscillation, acceleration"
Q027,Deep Learning,Backpropagation,Medium,"What is the key mechanism of the Adam optimization algorithm?","Adam computes adaptive learning rates for each parameter by combining Momentum (first moment of gradients) and RMSProp (second moment of squared gradients), applying bias corrections to account for initialization at the origin.","Adam, Momentum, RMSProp, first moment, second moment, adaptive learning rate, bias correction"
Q028,Deep Learning,Backpropagation,Hard,"What is a computational graph and how is automatic differentiation implemented in deep learning frameworks?","A computational graph represents mathematical operations as nodes and tensors as edges. Frameworks use reverse-mode automatic differentiation, executing a forward pass to compute values and a backward pass that accumulates adjoints via the chain rule.","computational graph, automatic differentiation, reverse-mode, forward pass, backward pass, adjoints"
Q029,Deep Learning,Backpropagation,Hard,"Why are saddle points often more problematic than local minima in high-dimensional non-convex optimization?","In high dimensions, critical points are mostly saddle points rather than local minima. Saddle points exhibit plateaus where gradients are near zero in multiple directions, causing first-order optimization algorithms to stall for prolonged periods.","saddle points, local minima, high-dimensional, eigenvalues, zero gradient, plateau"
Q030,Deep Learning,Backpropagation,Hard,"Why is reverse-mode automatic differentiation preferred over forward-mode for training neural networks?","Forward-mode scales computational cost with the number of input parameters, whereas reverse-mode scales with the number of outputs. Because neural networks typically have millions of parameters but a single scalar loss, reverse-mode computes all gradients in a single backward pass.","forward-mode, reverse-mode, automatic differentiation, scalar loss, parameter efficiency"
Q031,Deep Learning,Convolutional Neural Networks (CNN),Easy,"What is a convolution operation in the context of a CNN?","A convolution operation performs element-wise multiplication between a learnable kernel (filter) and localized spatial receptive patches of the input tensor, followed by a summation to produce a feature map.","convolution, kernel, filter, feature map, element-wise multiplication, spatial"
Q032,Deep Learning,Convolutional Neural Networks (CNN),Easy,"What are the two major advantages of convolutional layers over fully connected layers for image data?","Convolutional layers provide parameter sharing, where the same filter is reused across the entire image, and translation invariance through sparse local connectivity, greatly reducing parameter count compared to dense layers.","parameter sharing, translation invariance, sparse connectivity, spatial hierarchy"
Q033,Deep Learning,Convolutional Neural Networks (CNN),Easy,"What is the primary function of pooling layers in a CNN?","Pooling layers downsample the spatial dimensions of feature maps, reducing computational requirements, controlling overfitting, and providing invariance to small spatial shifts.","pooling, spatial dimension, downsampling, overfitting, translation invariance"
Q034,Deep Learning,Convolutional Neural Networks (CNN),Medium,"What is the difference between valid padding and same padding in convolution?","Valid padding adds no zero-padding, causing spatial feature map dimensions to decrease after convolution. Same padding pads input borders with zeros such that the output feature map matches the input dimensions when stride equals one.","valid padding, same padding, zero-padding, output dimension, stride"
Q035,Deep Learning,Convolutional Neural Networks (CNN),Medium,"What is the receptive field of a neuron in a convolutional neural network?","The receptive field is the specific spatial area of the original input image that directly influences the activation of a particular neuron in a deeper feature map, expanding as depth increases.","receptive field, input image, deeper layer, spatial coverage, depth"
Q036,Deep Learning,Convolutional Neural Networks (CNN),Medium,"How does Max Pooling differ from Average Pooling in feature extraction?","Max Pooling selects the maximum value within each pooling window, prioritizing dominant edge and texture features, whereas Average Pooling computes the window mean, producing smoother background representations.","max pooling, average pooling, maximum, mean, sharp features, smoothing"
Q037,Deep Learning,Convolutional Neural Networks (CNN),Medium,"Why are 1x1 convolutions widely used in deep CNN architectures like Inception and ResNet?","1x1 convolutions compute cross-channel linear combinations followed by non-linear activations, allowing flexible channel dimensionality reduction or expansion without changing spatial width and height.","1x1 convolution, channel dimension, dimensionality reduction, feature combination"
Q038,Deep Learning,Convolutional Neural Networks (CNN),Hard,"What is the degradation problem in deep CNNs and how do residual skip connections in ResNet solve it?","As networks grow deeper, training accuracy saturates and degrades because gradients attenuate through layers. ResNet introduces skip connections that pass identity mappings directly across layers, allowing gradients to propagate unobstructed.","degradation problem, ResNet, skip connection, identity mapping, gradient flow"
Q039,Deep Learning,Convolutional Neural Networks (CNN),Hard,"What is Depthwise Separable Convolution and how does it reduce computational complexity?","Depthwise separable convolution splits standard convolution into a depthwise convolution applying one filter per channel, followed by a 1x1 pointwise convolution combining channels, cutting computational multiply-accumulate operations significantly.","depthwise separable convolution, depthwise, pointwise, MobileNet, computational cost"
Q040,Deep Learning,Convolutional Neural Networks (CNN),Hard,"What is a Transposed Convolution and how is it used in deep learning?","Transposed convolution is an upsampling operation that maps lower-resolution feature maps into higher spatial resolutions by projecting single values over a kernel footprint, commonly used in semantic segmentation and autoencoders.","transposed convolution, upsampling, feature map, spatial expansion, segmentation"
Q041,Deep Learning,Recurrent Neural Networks (RNN),Easy,"What is a Recurrent Neural Network and what types of data is it designed to process?","An RNN is a neural network architecture containing cyclical feedback loops that maintain an internal hidden state, specifically designed to process sequential and time-series data such as text, speech, and sensor feeds.","RNN, recurrent, sequential data, hidden state, time-series, feedback loop"
Q042,Deep Learning,Recurrent Neural Networks (RNN),Easy,"What is the hidden state in an RNN and what does it represent?","The hidden state is an internal memory vector updated at every time step that encodes historical contextual information from preceding sequence elements up to the current point.","hidden state, memory, time step, sequence, past inputs"
Q043,Deep Learning,Recurrent Neural Networks (RNN),Easy,"Why are standard feedforward networks unsuitable for sequential data compared to RNNs?","Feedforward networks assume fixed-size inputs and independent samples, making them unable to handle variable sequence lengths, share parameters across time steps, or model temporal dependencies.","feedforward, sequential, temporal order, variable length, context"
Q044,Deep Learning,Recurrent Neural Networks (RNN),Medium,"What is Backpropagation Through Time in recurrent neural networks?","Backpropagation Through Time is the backpropagation algorithm applied to an RNN unrolled across sequential time steps, where loss gradients are backpropagated backward through time to update recurrent weight matrices.","BPTT, Backpropagation Through Time, unrolling, time steps, sequence gradients"
Q045,Deep Learning,Recurrent Neural Networks (RNN),Medium,"Why do standard vanilla RNNs struggle with long-term dependencies?","During BPTT over long sequences, gradients are repeatedly multiplied by recurrent weight matrices at every time step. If weight eigenvalues are less than one, gradients vanish exponentially, preventing the network from learning distant dependencies.","vanishing gradient, vanilla RNN, recurrent weights, matrix multiplication, exponential decay, long sequences"
Q046,Deep Learning,Recurrent Neural Networks (RNN),Medium,"What are the roles of the three gates in a standard LSTM cell?","The forget gate decides what proportion of past cell memory to discard, the input gate determines what new information to store in the cell state, and the output gate regulates what filtered cell state is emitted as the hidden state.","LSTM, forget gate, input gate, output gate, cell state, hidden state"
Q047,Deep Learning,Recurrent Neural Networks (RNN),Medium,"What is the cell state in an LSTM and how does it alleviate the vanishing gradient problem?","The cell state functions as an internal linear conveyor belt modified only by additive gating operations, allowing gradients to propagate across many time steps with minimal attenuation.","cell state, conveyor belt, additive update, gradient highway, long-term memory"
Q048,Deep Learning,Recurrent Neural Networks (RNN),Hard,"How does a Gated Recurrent Unit differ architecturally from an LSTM?","A GRU merges the cell state and hidden state into a single unified state and uses only two gates (reset gate and update gate) instead of three, reducing parameter count and training time while maintaining competitive performance.","GRU, LSTM, update gate, reset gate, parameter count, merged state"
Q049,Deep Learning,Recurrent Neural Networks (RNN),Hard,"What is a Bidirectional RNN and why is it effective in Natural Language Processing?","A Bidirectional RNN processes input sequences in both forward and backward temporal directions simultaneously, allowing each sequence token representation to leverage both preceding and subsequent context.","Bidirectional RNN, forward, backward, past context, future context, NLP"
Q050,Deep Learning,Recurrent Neural Networks (RNN),Hard,"Why have self-attention Transformer models largely replaced RNNs in sequential modeling tasks?","RNNs process tokens sequentially and cannot be parallelized across time steps, causing computational bottlenecks and difficulty capturing very long-range dependencies, whereas Transformers use self-attention to process entire sequences in parallel.","Transformers, parallelization, sequential bottleneck, self-attention, long-range dependencies"
